spring,uframe_route,driver
ooi-adcpa-m-glider-decode.xml,Ingest.adcpa-m-glider_recovered,mi.dataset.driver.moas.gl.adcpa.adcpa_m_glider_recovered_driver
ooi-adcpa-m-glider-decode.xml,Ingest.adcpa-m-glider_telemetered,mi.dataset.driver.moas.gl.adcpa.adcpa_m_glider_telemetered_driver
ooi-adcpa-n-auv-decode.xml,Ingest.adcpa-n-auv_telemetered,mi.dataset.driver.adcpa_n.auv.adcpa_n_auv_telemetered_driver
ooi-adcpa-n-decode.xml,Ingest.adcpa-n_recovered,mi.dataset.driver.adcpa_n.adcpa_n_recovered_driver
ooi-adcps-jln-decode.xml,Ingest.adcps-jln_recovered,mi.dataset.driver.adcps_jln.adcps_jln_driver
ooi-adcps-jln-sio-decode.xml,Ingest.adcps-jln-sio_recovered,mi.dataset.driver.adcps_jln.adcps_jln_driver
ooi-adcps-jln-sio-decode.xml,Ingest.adcps-jln-sio_telemetered,mi.dataset.driver.adcps_jln.sio.adcps_jln_sio_telemetered_driver
ooi-adcps-jln-stc-decode.xml,Ingest.adcps-jln-stc_recovered,mi.dataset.driver.adcps_jln.stc.adcps_jln_stc_recovered_driver
ooi-adcps-jln-stc-decode.xml,Ingest.adcps-jln-stc_telemetered,mi.dataset.driver.adcps_jln.stc.adcps_jln_stc_telemetered_driver
ooi-adcpt-acfgm-dcl-pd0-decode.xml,Ingest.adcpt-acfgm-dcl-pd0_recovered,mi.dataset.driver.adcpt_acfgm.dcl.pd0.adcpt_acfgm_dcl_pd0_recovered_driver
ooi-adcpt-acfgm-dcl-pd0-decode.xml,Ingest.adcpt-acfgm-dcl-pd0_telemetered,mi.dataset.driver.adcpt_acfgm.dcl.pd0.adcpt_acfgm_dcl_pd0_telemetered_driver
ooi-adcpt-acfgm-dcl-pd8-decode.xml,Ingest.adcpt-acfgm-dcl-pd8_recovered,mi.dataset.driver.adcpt_acfgm.dcl.pd8.adcpt_acfgm_dcl_pd8_recovered_driver
ooi-adcpt-acfgm-dcl-pd8-decode.xml,Ingest.adcpt-acfgm-dcl-pd8_telemetered,mi.dataset.driver.adcpt_acfgm.dcl.pd8.adcpt_acfgm_dcl_pd8_telemetered_driver
ooi-adcpt-m-dspec-decode.xml,Ingest.adcpt-m-dspec_recovered,mi.dataset.driver.adcpt_m.adcpt_m_dspec_recovered_driver
ooi-adcpt-m-fcoeff-decode.xml,Ingest.adcpt-m-fcoeff_recovered,mi.dataset.driver.adcpt_m.adcpt_m_fcoeff_recovered_driver
ooi-adcpt-m-log9-decode.xml,Ingest.adcpt-m-log9_recovered,mi.dataset.driver.adcpt_m.adcpt_m_log9_recovered_driver
ooi-adcpt-m-wvs-decode.xml,Ingest.adcpt-m-wvs_recovered,mi.dataset.driver.adcpt_m.wvs.adcpt_m_wvs_recovered_driver
ooi-auv-eng-auv-decode.xml,Ingest.auv-eng-auv_recovered,mi.dataset.driver.auv_eng.auv.auv_eng_auv_recovered_driver
ooi-auv-eng-auv-decode.xml,Ingest.auv-eng-auv_telemetered,mi.dataset.driver.auv_eng.auv.auv_eng_auv_telemetered_driver
ooi-camds-abc-dcl-decode.xml,Ingest.camds-abc-dcl,mi.dataset.driver.camds.camds_abc_driver
ooi-cg-cpm-eng-cpm-decode.xml,Ingest.cg-cpm-eng-cpm_recovered,mi.dataset.driver.cg_cpm_eng.cpm.cg_cpm_eng_cpm_recovered_driver
ooi-cg-cpm-eng-cpm-decode.xml,Ingest.cg-cpm-eng-cpm_telemetered,mi.dataset.driver.cg_cpm_eng.cpm.cg_cpm_eng_cpm_telemetered_driver
ooi-cg-dcl-eng-dcl-decode.xml,Ingest.cg-dcl-eng-dcl_recovered,mi.dataset.driver.cg_dcl_eng.dcl.cg_dcl_eng_dcl_recovered_driver
ooi-cg-dcl-eng-dcl-decode.xml,Ingest.cg-dcl-eng-dcl_telemetered,mi.dataset.driver.cg_dcl_eng.dcl.cg_dcl_eng_dcl_telemetered_driver
ooi-cg-stc-eng-stc-decode.xml,Ingest.cg-stc-eng-stc_recovered,mi.dataset.driver.cg_stc_eng.stc.cg_stc_eng_stc_recovered_driver
ooi-cg-stc-eng-stc-decode.xml,Ingest.cg-stc-eng-stc_telemetered,mi.dataset.driver.cg_stc_eng.stc.cg_stc_eng_stc_telemetered_driver
ooi-cspp-eng-dcl-decode.xml,Ingest.cspp-eng-dcl_telemetered,mi.dataset.driver.cspp_eng.dcl.cspp_eng_dcl_driver
ooi-ctdav-n-auv-decode.xml,Ingest.ctdav-n-auv_telemetered,mi.dataset.driver.ctdav_n.auv.ctdav_n_auv_telemetered_driver
ooi-ctdav-n-auv-decode.xml,Ingest.ctdav-n-auv_recovered,mi.dataset.driver.ctdav_n.auv.ctdav_n_auv_recovered_driver
ooi-ctdbp-cdef-dcl-decode.xml,Ingest.ctdbp-cdef-dcl_recovered,mi.dataset.driver.ctdbp_cdef.dcl.ctdbp_cdef_dcl_recovered_driver
ooi-ctdbp-cdef-dcl-decode.xml,Ingest.ctdbp-cdef-dcl_telemetered,mi.dataset.driver.ctdbp_cdef.dcl.ctdbp_cdef_dcl_telemetered_driver
ooi-ctdbp-cdef-decode.xml,Ingest.ctdbp-cdef_recovered,mi.dataset.driver.ctdbp_cdef.ctdbp_cdef_recovered_driver
ooi-ctdbp-p-dcl-decode.xml,Ingest.ctdbp-p-dcl_recovered,mi.dataset.driver.ctdbp_p.dcl.ctdbp_p_dcl_recovered_driver
ooi-ctdbp-p-dcl-decode.xml,Ingest.ctdbp-p-dcl_telemetered,mi.dataset.driver.ctdbp_p.dcl.ctdbp_p_dcl_telemetered_driver
ooi-ctdbp-p-decode.xml,Ingest.ctdbp-p_recovered,mi.dataset.driver.ctdbp_p.ctdbp_p_recovered_driver
ooi-ctdgv-m-glider-decode.xml,Ingest.ctdgv-m-glider_recovered,mi.dataset.driver.moas.gl.ctdgv.ctdgv_m_glider_recovered_driver
ooi-ctdgv-m-glider-decode.xml,Ingest.ctdgv-m-glider_telemetered,mi.dataset.driver.moas.gl.ctdgv.ctdgv_m_glider_telemetered_driver
ooi-ctdmo-ghqr-decode.xml,Ingest.ctdmo-ghqr_recovered,mi.dataset.driver.ctdmo_ghqr.sio.ctdmo_ghqr_ct_recovered_driver
ooi-ctdmo-ghqr-imodem-decode.xml,Ingest.ctdmo-ghqr-imodem_recovered,mi.dataset.driver.ctdmo_ghqr.imodem.ctdmo_ghqr_imodem_recovered_driver
ooi-ctdmo-ghqr-imodem-decode.xml,Ingest.ctdmo-ghqr-imodem_telemetered,mi.dataset.driver.ctdmo_ghqr.imodem.ctdmo_ghqr_imodem_telemetered_driver
ooi-ctdmo-ghqr-sio-decode.xml,Ingest.ctdmo-ghqr-sio_recovered,mi.dataset.driver.ctdmo_ghqr.sio.ctdmo_ghqr_sio_co_recovered_driver
ooi-ctdmo-ghqr-sio-decode.xml,Ingest.ctdmo-ghqr-sio_ctRecovered,mi.dataset.driver.ctdmo_ghqr.sio.ctdmo_ghqr_sio_ct_recovered_driver
ooi-ctdmo-ghqr-sio-decode.xml,Ingest.ctdmo-ghqr-sio_telemetered,mi.dataset.driver.ctdmo_ghqr.sio.ctdmo_ghqr_sio_telemetered_driver
ooi-ctdpf-ckl-mmp-cds-decode.xml,Ingest.ctdpf-ckl-mmp-cds_recovered,mi.dataset.driver.ctdpf_ckl.mmp_cds.ctdpf_ckl_mmp_cds_recovered_driver
ooi-ctdpf-ckl-wfp-decode.xml,Ingest.ctdpf-ckl-wfp_recovered,mi.dataset.driver.ctdpf_ckl.wfp.ctdpf_ckl_wfp_recovered_driver
ooi-ctdpf-ckl-wfp-decode.xml,Ingest.ctdpf-ckl-wfp_telemetered,mi.dataset.driver.ctdpf_ckl.wfp.ctdpf_ckl_wfp_telemetered_driver
ooi-ctdpf-ckl-wfp-sio-mule-decode.xml,Ingest.ctdpf-ckl-wfp-sio-mule_telemetered,mi.dataset.driver.ctdpf_ckl.wfp_sio.ctdpf_ckl_wfp_sio_telemetered_driver
ooi-ctdpf-j-cspp-decode.xml,Ingest.ctdpf-j-cspp_recovered,mi.dataset.driver.ctdpf_j.cspp.ctdpf_j_cspp_recovered_driver
ooi-ctdpf-j-cspp-decode.xml,Ingest.ctdpf-j-cspp_telemetered,mi.dataset.driver.ctdpf_j.cspp.ctdpf_j_cspp_telemetered_driver
ooi-dbg-pdbg-cspp-decode.xml,Ingest.dbg-pdbg-cspp_recovered,mi.dataset.driver.dbg_pdbg.cspp.dbg_pdbg_cspp_recovered_driver
ooi-dbg-pdbg-cspp-decode.xml,Ingest.dbg-pdbg-cspp_telemetered,mi.dataset.driver.dbg_pdbg.cspp.dbg_pdbg_cspp_telemetered_driver
ooi-deep-profiler-decode.xml,Ingest.deep-profiler_recovered,mi.dataset.driver.dpc.dpc_driver
ooi-dofst-k-wfp-decode.xml,Ingest.dofst-k-wfp_recovered,mi.dataset.driver.dofst_k.wfp.dofst_k_wfp_recovered_driver
ooi-dofst-k-wfp-decode.xml,Ingest.dofst-k-wfp_telemetered,mi.dataset.driver.dofst_k.wfp.dofst_k_wfp_telemetered_driver
ooi-dosta-abcdjm-cspp-decode.xml,Ingest.dosta-abcdjm-cspp_telemetered,mi.dataset.driver.dosta_abcdjm.cspp.dosta_abcdjm_cspp_telemetered_driver
ooi-dosta-abcdjm-cspp-decode.xml,Ingest.dosta-abcdjm-cspp_recovered,mi.dataset.driver.dosta_abcdjm.cspp.dosta_abcdjm_cspp_recovered_driver
ooi-dosta-abcdjm-ctdbp-dcl-decode.xml,Ingest.dosta-abcdjm-ctdbp-dcl_recovered,mi.dataset.driver.dosta_abcdjm.ctdbp.dcl.dosta_abcdjm_ctdbp_dcl_recovered_driver
ooi-dosta-abcdjm-ctdbp-dcl-decode.xml,Ingest.dosta-abcdjm-ctdbp-dcl_telemetered,mi.dataset.driver.dosta_abcdjm.ctdbp.dcl.dosta_abcdjm_ctdbp_dcl_telemetered_driver
ooi-dosta-abcdjm-ctdbp-decode.xml,Ingest.dosta-abcdjm-ctdbp_recovered,mi.dataset.driver.dosta_abcdjm.ctdbp.dosta_abcdjm_ctdbp_recovered_driver
ooi-dosta-abcdjm-ctdbp-p-dcl-decode.xml,Ingest.dosta-abcdjm-ctdbp-p-dcl_recovered,mi.dataset.driver.dosta_abcdjm.ctdbp_p.dcl.dosta_abcdjm_ctdbp_p_dcl_recovered_driver
ooi-dosta-abcdjm-ctdbp-p-dcl-decode.xml,Ingest.dosta-abcdjm-ctdbp-p-dcl_telemetered,mi.dataset.driver.dosta_abcdjm.ctdbp_p.dcl.dosta_abcdjm_ctdbp_p_dcl_telemetered_driver
ooi-dosta-abcdjm-ctdbp-p-decode.xml,Ingest.dosta-abcdjm-ctdbp-p_recovered,mi.dataset.driver.dosta_abcdjm.ctdbp_p.dosta_abcdjm_ctdbp_p_recovered_driver
ooi-dosta-abcdjm-dcl-decode.xml,Ingest.dosta-abcdjm-dcl_recovered,mi.dataset.driver.dosta_abcdjm.dcl.dosta_abcdjm_dcl_recovered_driver
ooi-dosta-abcdjm-dcl-decode.xml,Ingest.dosta-abcdjm-dcl_telemetered,mi.dataset.driver.dosta_abcdjm.dcl.dosta_abcdjm_dcl_telemetered_driver
ooi-dosta-abcdjm-glider-decode.xml,Ingest.dosta-abcdjm-glider_recovered,mi.dataset.driver.moas.gl.dosta.dosta_abcdjm_glider_recovered_driver
ooi-dosta-abcdjm-glider-decode.xml,Ingest.dosta-abcdjm-glider_telemetered,mi.dataset.driver.moas.gl.dosta.dosta_abcdjm_glider_telemetered_driver
ooi-dosta-abcdjm-mmp-cds-decode.xml,Ingest.dosta-abcdjm-mmp-cds_recovered,mi.dataset.driver.dosta_abcdjm.mmp_cds.dosta_abcdjm_mmp_cds_recovered_driver
ooi-dosta-abcdjm-sio-decode.xml,Ingest.dosta-abcdjm-sio_telemetered,mi.dataset.driver.dosta_abcdjm.sio.dosta_abcdjm_sio_telemetered_driver
ooi-dosta-abcdjm-sio-decode.xml,Ingest.dosta-abcdjm-sio_recovered,mi.dataset.driver.dosta_abcdjm.sio.dosta_abcdjm_sio_recovered_driver
ooi-dosta-ln-auv-decode.xml,Ingest.dosta-ln-auv_telemetered,mi.dataset.driver.dosta_ln.auv.dosta_ln_auv_telemetered_driver
ooi-dosta-ln-auv-decode.xml,Ingest.dosta-ln-auv_recovered,mi.dataset.driver.dosta_ln.auv.dosta_ln_auv_recovered_driver
ooi-dosta-ln-wfp-decode.xml,Ingest.dosta-ln-wfp_recovered,mi.dataset.driver.dosta_ln.wfp.dosta_ln_wfp_driver
ooi-dosta-ln-wfp-sio-mule-decode.xml,Ingest.dosta-ln-wfp-sio-mule_telemetered,mi.dataset.driver.dosta_ln.wfp_sio.dosta_ln_wfp_sio_telemetered_driver
ooi-fdchp-a-dcl-decode.xml,Ingest.fdchp-a-dcl_telemetered,mi.dataset.driver.fdchp_a.dcl.fdchp_a_dcl_telemetered_driver
ooi-fdchp-a-dcl-decode.xml,Ingest.fdchp-a-dcl_recovered,mi.dataset.driver.fdchp_a.dcl.fdchp_a_dcl_recovered_driver
ooi-fdchp-a-decode.xml,Ingest.fdchp-a_recovered,mi.dataset.driver.fdchp_a.fdchp_a_recovered_driver
ooi-flcdr-x-mmp-cds-decode.xml,Ingest.flcdr-x-mmp-cds_recovered,mi.dataset.driver.flntu_x.mmp_cds.flcdr_x_mmp_cds_recovered_driver
ooi-flntu-x-mmp-cds-decode.xml,Ingest.flntu-x-mmp-cds_recovered,mi.dataset.driver.flntu_x.mmp_cds.flntu_x_mmp_cds_recovered_driver
ooi-flobn-c-subcon-decode.xml,Ingest.flobn-c-subcon_recovered,mi.dataset.driver.flobn.flobn_c_subcon_recovered_driver
ooi-flobn-m-subcon-decode.xml,Ingest.flobn-m-subcon_recovered,mi.dataset.driver.flobn.flobn_m_subcon_recovered_driver
ooi-flobn-m-subcon-temperature-decode.xml,Ingest.flobn-m-subcon-temperature_recovered,mi.dataset.driver.flobn.flobn_m_subcon_temperature_recovered_driver
ooi-flord-g-ctdbp-p-dcl-decode.xml,Ingest.flord-g-ctdbp-p-dcl_recovered,mi.dataset.driver.flord_g.ctdbp_p.dcl.flord_g_ctdbp_p_dcl_recovered_driver
ooi-flord-g-ctdbp-p-dcl-decode.xml,Ingest.flord-g-ctdbp-p-dcl_telemetered,mi.dataset.driver.flord_g.ctdbp_p.dcl.flord_g_ctdbp_p_dcl_telemetered_driver
ooi-flord-g-ctdbp-p-decode.xml,Ingest.flord-g-ctdbp-p_recovered,mi.dataset.driver.flord_g.ctdbp_p.flord_g_ctdbp_p_recovered_driver
ooi-flord-l-wfp-decode.xml,Ingest.flord-l-wfp_recovered,mi.dataset.driver.flord_l_wfp.flord_l_wfp_recovered_driver
ooi-flord-l-wfp-sio-decode.xml,Ingest.flord-l-wfp-sio_telemetered,mi.dataset.driver.flord_l_wfp.sio.flord_l_wfp_sio_telemetered_driver
ooi-flord-m-glider-decode.xml,Ingest.flord-m-glider_recovered,mi.dataset.driver.moas.gl.flord_m.flord_m_glider_recovered_driver
ooi-flord-m-glider-decode.xml,Ingest.flord-m-glider_telemetered,mi.dataset.driver.moas.gl.flord_m.flord_m_glider_telemetered_driver
ooi-flort-dj-cspp-decode.xml,Ingest.flort-dj-cspp_recovered,mi.dataset.driver.flort_dj.cspp.flort_dj_cspp_recovered_driver
ooi-flort-dj-cspp-decode.xml,Ingest.flort-dj-cspp_telemetered,mi.dataset.driver.flort_dj.cspp.flort_dj_cspp_telemetered_driver
ooi-flort-dj-dcl-decode.xml,Ingest.flort-dj-dcl_recovered,mi.dataset.driver.flort_dj.dcl.flort_dj_dcl_recovered_driver
ooi-flort-dj-dcl-decode.xml,Ingest.flort-dj-dcl_telemetered,mi.dataset.driver.flort_dj.dcl.flort_dj_dcl_telemetered_driver
ooi-flort-dj-sio-decode.xml,Ingest.flort-dj-sio_recovered,mi.dataset.driver.flort_dj.sio.flort_dj_sio_recovered_driver
ooi-flort-dj-sio-decode.xml,Ingest.flort-dj-sio_telemetered,mi.dataset.driver.flort_dj.sio.flort_dj_sio_telemetered_driver
ooi-flort-kn-auv-decode.xml,Ingest.flort-kn-auv_telemetered,mi.dataset.driver.flort_kn.auv.flort_kn_auv_telemetered_driver
ooi-flort-kn-auv-decode.xml,Ingest.flort-kn-auv_recovered,mi.dataset.driver.flort_kn.auv.flort_kn_auv_recovered_driver
ooi-flort-kn-stc-imodem-decode.xml,Ingest.flort-kn-stc-imodem_recovered,mi.dataset.driver.flort_kn.stc_imodem.flort_kn__stc_imodem_recovered_driver
ooi-flort-kn-stc-imodem-decode.xml,Ingest.flort-kn-stc-imodem_telemetered,mi.dataset.driver.flort_kn.stc_imodem.flort_kn__stc_imodem_telemetered_driver
ooi-flort-m-glider-decode.xml,Ingest.flort-m-glider_recovered,mi.dataset.driver.moas.gl.flort_m.flort_m_glider_recovered_driver
ooi-flort-m-glider-decode.xml,Ingest.flort-m-glider_telemetered,mi.dataset.driver.moas.gl.flort_m.flort_m_glider_telemetered_driver
ooi-flort-o-glider-decode.xml,Ingest.flort-o-glider_recovered,mi.dataset.driver.moas.gl.flort_o.flort_o_glider_recovered_driver
ooi-flort-o-glider-decode.xml,Ingest.flort-o-glider_telemetered,mi.dataset.driver.moas.gl.flort_o.flort_o_glider_telemetered_driver
ooi-fuelcell-eng-dcl-decode.xml,Ingest.fuelcell-eng-dcl_telemetered,mi.dataset.driver.fuelcell_eng.dcl.fuelcell_eng_dcl_telemetered_driver
ooi-fuelcell-eng-dcl-decode.xml,Ingest.fuelcell-eng-dcl_recovered,mi.dataset.driver.fuelcell_eng.dcl.fuelcell_eng_dcl_recovered_driver
ooi-glider-eng-glider-decode.xml,Ingest.glider-eng-glider_recovered,mi.dataset.driver.moas.gl.engineering.glider_eng_glider_recovered_driver
ooi-glider-eng-glider-decode.xml,Ingest.glider-eng-glider_telemetered,mi.dataset.driver.moas.gl.engineering.glider_eng_glider_telemetered_driver
ooi-hyd-o-dcl-decode.xml,Ingest.hyd-o-dcl_telemetered,mi.dataset.driver.hyd_o.dcl.hyd_o_dcl_telemetered_driver
ooi-hyd-o-dcl-decode.xml,Ingest.hyd-o-dcl_recovered,mi.dataset.driver.hyd_o.dcl.hyd_o_dcl_recovered_driver
ooi-metbk-a-dcl-decode.xml,Ingest.metbk-a-dcl_recovered,mi.dataset.driver.metbk_a.dcl.metbk_a_dcl_recovered_driver
ooi-metbk-a-dcl-decode.xml,Ingest.metbk-a-dcl_telemetered,mi.dataset.driver.metbk_a.dcl.metbk_a_dcl_telemetered_driver
ooi-mopak-o-dcl-decode.xml,Ingest.mopak-o-dcl_recovered,mi.dataset.driver.cg_stc_eng.stc.mopak_o_dcl_recovered_driver
ooi-mopak-o-dcl-decode.xml,Ingest.mopak-o-dcl_telemetered,mi.dataset.driver.cg_stc_eng.stc.mopak_o_dcl_telemetered_driver
ooi-nutnr-b-dcl-conc-decode.xml,Ingest.nutnr-b-dcl-conc_recovered,mi.dataset.driver.nutnr_b.dcl_conc.nutnr_b_dcl_conc_recovered_driver
ooi-nutnr-b-dcl-conc-decode.xml,Ingest.nutnr-b-dcl-conc_telemetered,mi.dataset.driver.nutnr_b.dcl_conc.nutnr_b_dcl_conc_telemetered_driver
ooi-nutnr-b-dcl-full-decode.xml,Ingest.nutnr-b-dcl-full_recovered,mi.dataset.driver.nutnr_b.dcl_full.nutnr_b_dcl_full_recovered_driver
ooi-nutnr-b-dcl-full-decode.xml,Ingest.nutnr-b-dcl-full_telemetered,mi.dataset.driver.nutnr_b.dcl_full.nutnr_b_dcl_full_telemetered_driver
ooi-nutnr-b-decode.xml,Ingest.nutnr-b_recovered,mi.dataset.driver.nutnr_b.nutnr_b_recovered_driver
ooi-nutnr-j-cspp-decode.xml,Ingest.nutnr-j-cspp_recovered,mi.dataset.driver.nutnr_j.cspp.nutnr_j_cspp_recovered_driver
ooi-nutnr-j-cspp-decode.xml,Ingest.nutnr-j-cspp_telemetered,mi.dataset.driver.nutnr_j.cspp.nutnr_j_cspp_telemetered_driver
ooi-nutnr-m-decode.xml,Ingest.nutnr-m_recovered,mi.dataset.driver.nutnr_m.nutnr_m_recovered_driver
ooi-nutnr-m-glider-decode.xml,Ingest.nutnr-m-glider_telemetered,mi.dataset.driver.nutnr_m.glider.nutnr_m_glider_telemetered_driver
ooi-nutnr-n-auv-decode.xml,Ingest.nutnr-n-auv_telemetered,mi.dataset.driver.nutnr_n.auv.nutnr_n_auv_telemetered_driver
ooi-nutnr-n-decode.xml,Ingest.nutnr-n_recovered,mi.dataset.driver.nutnr_n.nutnr_n_recovered_driver
ooi-optaa-ac-mmp-cds-decode.xml,Ingest.optaa-ac-mmp-cds_recovered,mi.dataset.driver.optaa_ac.mmp_cds.optaa_ac_mmp_cds_recovered_driver
ooi-optaa-dj-cspp-decode.xml,Ingest.optaa-dj-cspp_recovered,mi.dataset.driver.optaa_dj.cspp.optaa_dj_cspp_recovered_driver
ooi-optaa-dj-cspp-decode.xml,Ingest.optaa-dj-cspp_telemetered,mi.dataset.driver.optaa_dj.cspp.optaa_dj_cspp_telemetered_driver
ooi-optaa-dj-dcl-decode.xml,Ingest.optaa-dj-dcl_recovered,mi.dataset.driver.optaa_dj.dcl.optaa_dj_dcl_recovered_driver
ooi-optaa-dj-dcl-decode.xml,Ingest.optaa-dj-dcl_telemetered,mi.dataset.driver.optaa_dj.dcl.optaa_dj_dcl_telemetered_driver
ooi-osmoi-a-subcon-decode.xml,Ingest.osmoi-a-subcon_recovered,mi.dataset.driver.osmoi.osmoi_a_subcon_recovered_driver
ooi-parad-j-cspp-decode.xml,Ingest.parad-j-cspp_recovered,mi.dataset.driver.parad_j.cspp.parad_j_cspp_recovered_driver
ooi-parad-j-cspp-decode.xml,Ingest.parad-j-cspp_telemetered,mi.dataset.driver.parad_j.cspp.parad_j_cspp_telemetered_driver
ooi-parad-k-stc-imodem-decode.xml,Ingest.parad-k-stc-imodem_recovered,mi.dataset.driver.PARAD_K.STC_IMODEM.parad_k_stc_imodem_recovered_driver
ooi-parad-k-stc-imodem-decode.xml,Ingest.parad-k-stc-imodem_telemetered,mi.dataset.driver.PARAD_K.STC_IMODEM.parad_k_stc_imodem_telemetered_driver
ooi-parad-m-glider-decode.xml,Ingest.parad-m-glider_recovered,mi.dataset.driver.moas.gl.parad.parad_m_glider_recovered_driver
ooi-parad-m-glider-decode.xml,Ingest.parad-m-glider_telemetered,mi.dataset.driver.moas.gl.parad.parad_m_glider_telemetered_driver
ooi-parad-n-auv-decode.xml,Ingest.parad-n-auv_telemetered,mi.dataset.driver.parad_n.auv.parad_n_auv_telemetered_driver
ooi-parad-n-auv-decode.xml,Ingest.parad-n-auv_recovered,mi.dataset.driver.parad_n.auv.parad_n_auv_recovered_driver
ooi-pco2a-a-dcl-decode.xml,Ingest.pco2a-a-dcl_recovered,mi.dataset.driver.pco2a_a.dcl.pco2a_a_dcl_recovered_driver
ooi-pco2a-a-dcl-decode.xml,Ingest.pco2a-a-dcl_telemetered,mi.dataset.driver.pco2a_a.dcl.pco2a_a_dcl_telemetered_driver
ooi-pco2w-abc-dcl-decode.xml,Ingest.pco2w-abc-dcl_recovered,mi.dataset.driver.pco2w_abc.dcl.pco2w_abc_dcl_recovered_driver
ooi-pco2w-abc-dcl-decode.xml,Ingest.pco2w-abc-dcl_telemetered,mi.dataset.driver.pco2w_abc.dcl.pco2w_abc_dcl_telemetered_driver
ooi-pco2w-abc-decode.xml,Ingest.pco2w-abc_recovered,mi.dataset.driver.pco2w_abc.pco2w_abc_recovered_driver
ooi-pco2w-abc-imodem-decode.xml,Ingest.pco2w-abc-imodem_recovered,mi.dataset.driver.pco2w_abc.imodem.pco2w_abc_imodem_recovered_driver
ooi-pco2w-abc-imodem-decode.xml,Ingest.pco2w-abc-imodem_telemetered,mi.dataset.driver.pco2w_abc.imodem.pco2w_abc_imodem_telemetered_driver
ooi-phsen-abcdef-dcl-decode.xml,Ingest.phsen-abcdef-dcl_recovered,mi.dataset.driver.phsen_abcdef.dcl.phsen_abcdef_dcl_recovered_driver
ooi-phsen-abcdef-dcl-decode.xml,Ingest.phsen-abcdef-dcl_telemetered,mi.dataset.driver.phsen_abcdef.dcl.phsen_abcdef_dcl_telemetered_driver
ooi-phsen-abcdef-decode.xml,Ingest.phsen-abcdef_recovered,mi.dataset.driver.phsen_abcdef.phsen_abcdef_recovered_driver
ooi-phsen-abcdef-imodem-decode.xml,Ingest.phsen-abcdef-imodem_recovered,mi.dataset.driver.phsen_abcdef.imodem.phsen_abcdef_imodem_recovered_driver
ooi-phsen-abcdef-imodem-decode.xml,Ingest.phsen-abcdef-imodem_telemetered,mi.dataset.driver.phsen_abcdef.imodem.phsen_abcdef_imodem_telemetered_driver
ooi-phsen-abcdef-sio-decode.xml,Ingest.phsen-abcdef-sio_telemetered,mi.dataset.driver.phsen_abcdef.sio.phsen_abcdef_sio_telemetered_driver
ooi-ppsdn-a-subcon-decode.xml,Ingest.ppsdn-a-subcon_recovered,mi.dataset.driver.ppsdn.ppsdn_a_subcon_recovered_driver
ooi-presf-abc-dcl-decode.xml,Ingest.presf-abc-dcl_recovered,mi.dataset.driver.presf_abc.dcl.presf_abc_dcl_recovered_driver
ooi-presf-abc-dcl-decode.xml,Ingest.presf-abc-dcl_telemetered,mi.dataset.driver.presf_abc.dcl.presf_abc_dcl_telemetered_driver
ooi-presf-abc-decode.xml,Ingest.presf-abc_recovered,mi.dataset.driver.presf_abc.presf_abc_recovered_driver
ooi-rasfl-a-subcon-decode.xml,Ingest.rasfl-a-subcon_recovered,mi.dataset.driver.rasfl.rasfl_a_subcon_recovered_driver
ooi-rte-o-dcl-decode.xml,Ingest.rte-o-dcl_recovered,mi.dataset.driver.cg_stc_eng.stc.rte_o_dcl_recovered_driver
ooi-rte-o-dcl-decode.xml,Ingest.rte-o-dcl_telemetered,mi.dataset.driver.cg_stc_eng.stc.rte_o_dcl_telemetered_driver
ooi-sio-eng-sio-decode.xml,Ingest.sio-eng-sio_recovered,mi.dataset.driver.sio_eng.sio.sio_eng_sio_recovered_driver
ooi-sio-eng-sio-decode.xml,Ingest.sio-eng-sio_telemetered,mi.dataset.driver.sio_eng.sio.sio_eng_sio_telemetered_driver
ooi-spkir-abj-cspp-decode.xml,Ingest.spkir-abj-cspp_recovered,mi.dataset.driver.spkir_abj.cspp.spkir_abj_cspp_recovered_driver
ooi-spkir-abj-cspp-decode.xml,Ingest.spkir-abj-cspp_telemetered,mi.dataset.driver.spkir_abj.cspp.spkir_abj_cspp_telemetered_driver
ooi-spkir-abj-dcl-decode.xml,Ingest.spkir-abj-dcl_recovered,mi.dataset.driver.spkir_abj.dcl.spkir_abj_dcl_recovered_driver
ooi-spkir-abj-dcl-decode.xml,Ingest.spkir-abj-dcl_telemetered,mi.dataset.driver.spkir_abj.dcl.spkir_abj_dcl_telemetered_driver
ooi-vel3d-a-mmp-cds-decode.xml,Ingest.vel3d-a-mmp-cds_recovered,mi.dataset.driver.vel3d_a.mmp_cds.vel3d_a_mmp_cds_recovered_driver
ooi-vel3d-cd-dcl-decode.xml,Ingest.vel3d-cd-dcl_telemetered,mi.dataset.driver.vel3d_cd.dcl.vel3d_cd_dcl_telemetered_driver
ooi-vel3d-cd-dcl-decode.xml,Ingest.vel3d-cd-dcl_recovered,mi.dataset.driver.vel3d_cd.dcl.vel3d_cd_dcl_recovered_driver
ooi-vel3d-k-wfp-stc-decode.xml,Ingest.vel3d-k-wfp-stc_recovered,mi.dataset.driver.vel3d_k.wfp.vel3d_k_wfp_recovered_driver
ooi-vel3d-k-wfp-stc-decode.xml,Ingest.vel3d-k-wfp-stc_telemetered,mi.dataset.driver.vel3d_k.wfp_stc.vel3d_k_wfp_stc_telemetered_driver
ooi-vel3d-l-wfp-decode.xml,Ingest.vel3d-l-wfp_recovered,mi.dataset.driver.vel3d_l.wfp.vel3d_l_wfp_recovered_driver
ooi-vel3d-l-wfp-sio-decode.xml,Ingest.vel3d-l-wfp-sio_telemetered,mi.dataset.driver.vel3d_l.wfp.sio.vel3d_l_wfp_sio_telemetered_driver
ooi-velpt-ab-dcl-decode.xml,Ingest.velpt-ab-dcl_recovered,mi.dataset.driver.velpt_ab.dcl.velpt_ab_dcl_recovered_driver
ooi-velpt-ab-dcl-decode.xml,Ingest.velpt-ab-dcl_telemetered,mi.dataset.driver.velpt_ab.dcl.velpt_ab_dcl_telemetered_driver
ooi-velpt-ab-decode.xml,Ingest.velpt-ab_recovered,mi.dataset.driver.velpt_ab.velpt_ab_recovered_driver
ooi-velpt-j-cspp-decode.xml,Ingest.velpt-j-cspp_telemetered,mi.dataset.driver.velpt_j.cspp.velpt_j_cspp_telemetered_driver
ooi-velpt-j-cspp-decode.xml,Ingest.velpt-j-cspp_recovered,mi.dataset.driver.velpt_j.cspp.velpt_j_cspp_recovered_driver
ooi-wavss-a-dcl-full-decode.xml,Ingest.wavss-a-dcl-full_recovered,mi.dataset.driver.wavss_a.dcl.wavss_a_dcl_recovered_driver
ooi-wavss-a-dcl-full-decode.xml,Ingest.wavss-a-dcl-full_telemetered,mi.dataset.driver.wavss_a.dcl.wavss_a_dcl_telemetered_driver
ooi-wc-hmr-cspp-decode.xml,Ingest.wc-hmr-cspp_telemetered,mi.dataset.driver.wc_hmr.cspp.wc_hmr_cspp_telemetered_driver
ooi-wc-hmr-cspp-decode.xml,Ingest.wc-hmr-cspp_recovered,mi.dataset.driver.wc_hmr.cspp.wc_hmr_cspp_recovered_driver
ooi-wc-sbe-cspp-decode.xml,Ingest.wc-sbe-cspp_recovered,mi.dataset.driver.wc_sbe.cspp.wc_sbe_cspp_recovered_driver
ooi-wc-sbe-cspp-decode.xml,Ingest.wc-sbe-cspp_telemetered,mi.dataset.driver.wc_sbe.cspp.wc_sbe_cspp_telemetered_driver
ooi-wc-wm-cspp-decode.xml,Ingest.wc-wm-cspp_telemetered,mi.dataset.driver.wc_wm.cspp.wc_wm_cspp_telemetered_driver
ooi-wc-wm-cspp-decode.xml,Ingest.wc-wm-cspp_recovered,mi.dataset.driver.wc_wm.cspp.wc_wm_cspp_recovered_driver
ooi-wfp-eng-stc-imodem-decode.xml,Ingest.wfp-eng-stc-imodem_recovered,mi.dataset.driver.WFP_ENG.STC_IMODEM.wfp_eng_stc_imodem_recovered_driver
ooi-wfp-eng-stc-imodem-decode.xml,Ingest.wfp-eng-stc-imodem_telemetered,mi.dataset.driver.WFP_ENG.STC_IMODEM.wfp_eng_stc_imodem_telemetered_driver
ooi-wfp-eng-wfp-sio-mule-decode.xml,Ingest.wfp-eng-wfp-sio-mule_telemetered,mi.dataset.driver.WFP_ENG.wfp_sio.wfp_eng_wfp_sio_telemetered_driver
ooi-winch-cspp-decode.xml,Ingest.winch-cspp_telemetered,mi.dataset.driver.winch_cspp.winch_cspp_driver
ooi-zplsc-c-dcl-decode.xml,Ingest.zplsc-c-dcl_telemetered,mi.dataset.driver.zplsc_c.dcl.zplsc_c_dcl_telemetered_driver
ooi-zplsc-c-decode.xml,Ingest.zplsc-c_recovered,mi.dataset.driver.zplsc_c.zplsc_c_recovered_driver
